Probe,p-value,q_value,DEG
1552611_a_at,2.4129690749200055e-05,0.00447217234478818,1.0
1552619_a_at,3.1787528508636395e-09,5.793277070698983e-05,1.0
1552643_at,0.00040487944484400367,0.025561928886897445,1.0
1553589_a_at,0.0003257749763336941,0.02316221954622201,1.0
1553613_s_at,3.281261620584733e-06,0.001645626171387262,1.0
1553709_a_at,0.0003318064518318494,0.023378244528229855,1.0
1553956_at,0.00012991259153733416,0.01268387668268526,1.0
1553979_at,7.595620625905193e-05,0.008969558482102947,1.0
1553986_at,6.687617723088836e-05,0.00824647831417949,1.0
1554195_a_at,2.810581418251044e-06,0.0015366853904287584,1.0
1554572_a_at,1.982598479106188e-05,0.0040905121450992765,1.0
1554696_s_at,5.11794549859927e-06,0.00197977739978813,1.0
1555274_a_at,2.1526582506916516e-05,0.004268413028604394,1.0
1555460_a_at,1.2357557620292833e-06,0.001098535811263488,1.0
1555487_a_at,0.0005458928788043563,0.03098110599803725,1.0
1555522_s_at,3.137437275077267e-05,0.005229859238257609,1.0
1555725_a_at,0.0008923824270007119,0.04383738472260909,1.0
1555760_a_at,0.0003234641079591837,0.023027864717016108,1.0
1555780_a_at,0.0007953690681950284,0.0404905063347888,1.0
1555797_a_at,0.00030467250209765325,0.02221062540291892,1.0
1555864_s_at,0.00038396422667493234,0.025561928886897445,1.0
1555896_a_at,4.899446664166731e-05,0.006886304533761337,1.0
1555948_s_at,0.0006103901610443479,0.03377842313269203,1.0
1556007_s_at,0.000476711158422027,0.028960202874138138,1.0
1556551_s_at,5.438421531590744e-06,0.0020366143646556433,1.0
1557953_at,0.00011197634790734775,0.011508095529763606,1.0
1558028_x_at,0.0007564334177306725,0.038980204631879845,1.0
1558511_s_at,6.1122952419948105e-06,0.002156062853910105,1.0
1558569_at,9.116618547521387e-05,0.009870319189816472,1.0
1559258_a_at,0.00048708837672754315,0.029081571184866564,1.0
1562235_s_at,0.00021657568026181635,0.01759476273152275,1.0
1566079_at,0.0009537531092904596,0.04584197078067179,1.0
1566342_at,0.0004452697516230107,0.027539732658357595,1.0
1567107_s_at,0.0006565039393833035,0.03539877010432162,1.0
1568619_s_at,9.769008300748027e-05,0.010411706215270922,1.0
1568680_s_at,0.00019613407433130247,0.016419093639543705,1.0
200076_s_at,0.00023685524446119067,0.01876820361002261,1.0
200601_at,0.0007839439470410833,0.04002066788466035,1.0
200616_s_at,0.0005734720178607187,0.03212559690218729,1.0
200664_s_at,0.00043003484527842303,0.026779220006375604,1.0
200711_s_at,9.116618547521387e-05,0.009870319189816472,1.0
200737_at,0.0008599543389657207,0.04259262722307928,1.0
200755_s_at,4.428923472566067e-05,0.006457370423001326,1.0
200756_x_at,4.705924021173375e-05,0.00666570973724493,1.0
200783_s_at,0.00015738094914925142,0.014365281126436265,1.0
200790_at,6.408972253912735e-05,0.008073975990384305,1.0
200810_s_at,0.00018347134250285853,0.015797315986368174,1.0
200811_at,5.9760538450644346e-05,0.007802664770336599,1.0
200815_s_at,0.00028357252904649623,0.0211807759912803,1.0
200824_at,0.000296541996051395,0.021733825246796276,1.0
200827_at,0.00015996811901822103,0.014480557793578203,1.0
200848_at,0.000182725398791514,0.015773122396222316,1.0
200849_s_at,0.0006244572116461126,0.03424493284528707,1.0
200864_s_at,0.0010352882174090327,0.048923408199515,1.0
200913_at,0.0002708447037924177,0.02048192832621084,1.0
200946_x_at,8.144193996450667e-05,0.009379759850180865,1.0
200957_s_at,0.000842603215200384,0.04214943347765874,1.0
201014_s_at,1.8563218515488068e-05,0.004030607516051441,1.0
201037_at,2.8937788569266622e-05,0.0050227733016655635,1.0
201085_s_at,0.00038956500861944286,0.025561928886897445,1.0
201133_s_at,3.4814158906969464e-06,0.0016479841200678525,1.0
201170_s_at,1.857728567068977e-05,0.004030607516051441,1.0
201192_s_at,0.0006295858206741177,0.03428546289378226,1.0
201195_s_at,0.00022157662875524825,0.01786829229674513,1.0
201196_s_at,9.206875122234891e-08,0.00023970757014675842,1.0
201197_at,9.085871107688045e-07,0.0009631928828867648,1.0
201236_s_at,6.970079954897606e-06,0.0023670131772299792,1.0
201275_at,1.4156364365905942e-06,0.0011552227189640409,1.0
201281_at,0.0008956086528156994,0.04395637620529476,1.0
201288_at,0.0005345319555398032,0.03052487165731478,1.0
201294_s_at,0.0009223367203163444,0.0449961094834302,1.0
201311_s_at,2.147894894427695e-06,0.0013181461734708129,1.0
201360_at,0.00016947883582836738,0.015026159989753415,1.0
201387_s_at,0.00020331410825555059,0.016842725558897317,1.0
201397_at,2.1308511626855132e-07,0.0003973539389373509,1.0
201412_at,8.681378826793204e-05,0.009726524331043412,1.0
201413_at,5.016908919402643e-06,0.001973377663081579,1.0
201454_s_at,0.00030827181325010034,0.022383481260888762,1.0
201455_s_at,2.3922474708340683e-05,0.004464594981891986,1.0
201478_s_at,5.736941804269088e-06,0.0020896768680252692,1.0
201479_at,3.176066131167755e-05,0.005262164112775667,1.0
201481_s_at,3.9645159258920495e-05,0.005963612494359675,1.0
201491_at,0.0007604607764597814,0.03915084082197603,1.0
201504_s_at,3.515292142965174e-06,0.0016479841200678525,1.0
201521_s_at,0.0003542504571572976,0.02442451922455895,1.0
201522_x_at,8.188511274536683e-05,0.009379759850180865,1.0
201534_s_at,1.151536243562675e-05,0.0030712314203311833,1.0
201584_s_at,0.000883782575288342,0.04357151695571695,1.0
201587_s_at,8.099556485756967e-06,0.002516154834424785,1.0
201624_at,0.0002949842458006113,0.02166421925870994,1.0
201629_s_at,0.00045849017987839244,0.02815215657811167,1.0
201656_at,3.4289725464638114e-06,0.001645626171387262,1.0
201658_at,0.000245673539828821,0.019299139066294234,1.0
201663_s_at,2.74660525959409e-05,0.004828638024704401,1.0
201705_at,3.9811953551738115e-05,0.005963612494359675,1.0
201725_at,6.318222109286681e-06,0.0022144153450336496,1.0
201730_s_at,0.00013394724834666751,0.012934931288444298,1.0
201737_s_at,0.0003799503302884112,0.025561928886897445,1.0
201751_at,2.1252500491739255e-05,0.004256338697384043,1.0
201770_at,0.00040487944484400367,0.025561928886897445,1.0
201791_s_at,0.0002951960374529292,0.02166421925870994,1.0
201795_at,4.577380081111839e-05,0.006561967048873738,1.0
201820_at,1.3100882468304729e-05,0.003286343676578576,1.0
201844_s_at,0.00012249394433246985,0.012221453296309836,1.0
201846_s_at,0.00011993812248986102,0.012073816233094533,1.0
201848_s_at,0.00021762196368314837,0.01765353243972721,1.0
201853_s_at,0.0010238271615230108,0.0485496531277282,1.0
201862_s_at,0.0006067510270199427,0.03364514442425494,1.0
201863_at,0.001008208239814685,0.04785050825682977,1.0
201872_s_at,0.0009413496722169553,0.04563283266334724,1.0
201874_at,8.328519775189846e-05,0.009467295613652898,1.0
201890_at,0.0002896463565202441,0.02148767237821485,1.0
201897_s_at,2.0117885739025376e-05,0.004135133093162453,1.0
201898_s_at,0.0006915911374058058,0.03645772094572311,1.0
201924_at,2.9109983839351353e-06,0.0015470742036236042,1.0
201930_at,0.0006203196230830161,0.03412069958960152,1.0
201932_at,0.00040487944484400367,0.025561928886897445,1.0
201935_s_at,0.00024501558511293386,0.019299139066294234,1.0
201940_at,0.0003816402589371087,0.025561928886897445,1.0
201941_at,3.1336288012039795e-05,0.005229859238257609,1.0
201948_at,0.00011155845946699577,0.011486739682406768,1.0
201968_s_at,0.000941710421690414,0.04563283266334724,1.0
201970_s_at,0.0003115586324431553,0.02241377398530199,1.0
201976_s_at,0.00014831747655014895,0.01383832428392388,1.0
201980_s_at,0.00035689604210761855,0.02448342672802264,1.0
201990_s_at,0.0006346063171817674,0.0344217265792789,1.0
201996_s_at,0.000163907368751194,0.014679320151983193,1.0
202037_s_at,0.0010614218947310853,0.04981394171195029,1.0
202054_s_at,0.00032844093088008845,0.023271069428241538,1.0
202061_s_at,0.00026516634309805046,0.020305279844378025,1.0
202062_s_at,1.280507848917012e-05,0.0032715778803522255,1.0
202068_s_at,0.00034864190181247714,0.02415969072445778,1.0
202095_s_at,0.00010104598486524436,0.010727551888363565,1.0
202107_s_at,0.00015713370245985377,0.014365281126436265,1.0
202121_s_at,1.1368329270323394e-05,0.003061888684014441,1.0
202129_s_at,9.487899811689539e-05,0.010175565561997512,1.0
202138_x_at,0.0005517608055027583,0.031197023827159578,1.0
202144_s_at,3.8176955085885306e-05,0.005879788786819096,1.0
202146_at,5.973362981446329e-06,0.0021440375914715793,1.0
202147_s_at,4.863643420784778e-07,0.0007139707032897757,1.0
202171_at,0.00019508578553001954,0.016417468160960232,1.0
202172_at,0.0002058705950660869,0.016926277872538798,1.0
202188_at,9.355671974623488e-05,0.01006931821284526,1.0
202200_s_at,3.6677208809613604e-05,0.005717574620769876,1.0
202246_s_at,6.632707347324006e-05,0.008241892595794092,1.0
202263_at,1.022391575237989e-05,0.002864015889837302,1.0
202301_s_at,2.3347187006870583e-05,0.0044323175333355865,1.0
202308_at,0.0005227361720761981,0.03015895902902856,1.0
202333_s_at,0.0009530656114568566,0.04584197078067179,1.0
202334_s_at,0.0008367524520223758,0.04197196359112238,1.0
202341_s_at,2.942765746261634e-06,0.0015470742036236042,1.0
202342_s_at,2.988157979204973e-06,0.0015515948574545964,1.0
202357_s_at,0.000707073110710772,0.0369591035641601,1.0
202432_at,0.000888137611797461,0.04374677831083439,1.0
202454_s_at,0.00010138067049690563,0.010742225115151775,1.0
202471_s_at,0.0007941368693527793,0.04046545510891259,1.0
202483_s_at,0.00041244383246608025,0.0257718474743805,1.0
202501_at,0.0003752862667443084,0.025457539248443004,1.0
202554_s_at,0.0004434783189520922,0.027459996702950896,1.0
202589_at,0.0003102803868088587,0.02241377398530199,1.0
202599_s_at,0.0003542504571572976,0.02442451922455895,1.0
202600_s_at,1.2679121168885811e-05,0.0032546053986330127,1.0
202615_at,9.224690494403752e-05,0.009947928062751975,1.0
202620_s_at,0.0004593266175311711,0.028154352929951547,1.0
202623_at,0.00019340928886248926,0.016369431685072138,1.0
202630_at,0.00021015927515004768,0.01725294049373702,1.0
202636_at,0.00016241895307483946,0.014653888216776975,1.0
202647_s_at,2.5136239379179955e-05,0.004596400963400214,1.0
202677_at,8.200320454296211e-05,0.009379759850180865,1.0
202690_s_at,2.1232856940607378e-05,0.004256338697384043,1.0
202705_at,7.213086175868936e-06,0.0023917741428792568,1.0
202729_s_at,0.000985479525075398,0.04705772317336016,1.0
202735_at,0.0007617362803451965,0.03917961536018214,1.0
202736_s_at,1.7021734003998754e-05,0.0038939887308310954,1.0
202737_s_at,4.214938951759549e-06,0.001786447962693437,1.0
202762_at,0.0007486910948729487,0.038727233313319266,1.0
202770_s_at,0.0002883976073252836,0.021424102147431904,1.0
202779_s_at,3.5734480358396276e-05,0.0056143181425152774,1.0
202780_at,1.243143203295993e-05,0.0032366121257242104,1.0
202786_at,8.856981459351135e-07,0.0009631928828867648,1.0
202808_at,4.280646098171334e-05,0.00632552230858156,1.0
202810_at,0.00012900428103684923,0.012640338827400953,1.0
202838_at,0.00014201297661960426,0.013433493938887306,1.0
202839_s_at,6.69064347122479e-05,0.00824647831417949,1.0
202870_s_at,1.8975080455428093e-06,0.001235074433214918,1.0
202883_s_at,0.0002133500933308497,0.017436347313698367,1.0
202900_s_at,0.0010311976164427148,0.048772257507790163,1.0
202911_at,2.222364676596533e-05,0.004278443263835051,1.0
202932_at,6.154297322649148e-05,0.007917322496843345,1.0
202946_s_at,0.000318267932366382,0.022746796342656125,1.0
202951_at,0.00033347755023817755,0.023465746537030062,1.0
202954_at,2.5870318919233434e-05,0.0046992016176381655,1.0
202956_at,6.385735171837968e-05,0.00806328107437046,1.0
203021_at,0.00015852810645206663,0.014397880764562694,1.0
203022_at,2.0222769089380266e-05,0.004141123220830959,1.0
203026_at,0.0005462420883787455,0.03098110599803725,1.0
203045_at,0.00027376448686228786,0.020615900178455798,1.0
203066_at,2.411283480611327e-05,0.00447217234478818,1.0
203095_at,2.4816860782127804e-05,0.004571331426894608,1.0
203119_at,0.0004874051703124503,0.029081571184866564,1.0
203126_at,0.0001127796421875049,0.011525657825423983,1.0
203156_at,0.0001894331271410941,0.016204425870259054,1.0
203160_s_at,4.0972124120094606e-06,0.0017528039660277108,1.0
203166_at,0.00043889339297569125,0.02723779371276495,1.0
203180_at,2.149709305828487e-05,0.004268413028604394,1.0
203211_s_at,3.7093977574966735e-05,0.005745363240541944,1.0
203213_at,0.0002500324696669656,0.019477827335806205,1.0
203214_x_at,2.2671575581027685e-05,0.004349362789097154,1.0
203247_s_at,2.2216804847145973e-05,0.004278443263835051,1.0
203250_at,0.0005903820870397303,0.03294224078104274,1.0
203256_at,4.203315227558139e-05,0.006228082928637974,1.0
203343_at,0.00019380740181087225,0.016377773870184607,1.0
203358_s_at,0.0006067510270199427,0.03364514442425494,1.0
203362_s_at,3.4273427902178e-06,0.001645626171387262,1.0
203378_at,0.0005486028422358073,0.03105058012343971,1.0
203397_s_at,0.00012468952588561258,0.012372776456979795,1.0
203401_at,0.0002949842458006113,0.02166421925870994,1.0
203405_at,0.0004472738684173266,0.0275701226107298,1.0
203431_s_at,8.394540183093357e-05,0.00950049525062162,1.0
203432_at,0.0010028144463135134,0.04767728682799248,1.0
203438_at,0.000953010954355744,0.04584197078067179,1.0
203439_s_at,0.0005149489934775423,0.030092837163928122,1.0
203492_x_at,3.348531900262912e-05,0.005416597090144222,1.0
203493_s_at,2.382447269962897e-05,0.004464594981891986,1.0
203494_s_at,5.881863635796053e-05,0.007722060466260552,1.0
203509_at,6.654581683582311e-06,0.002288297192137502,1.0
203511_s_at,1.0690227955177291e-05,0.0029519606739864565,1.0
203513_at,6.89924907178532e-05,0.008457767780265973,1.0
203554_x_at,3.311168231578765e-05,0.00540733458583658,1.0
203571_s_at,1.6581496998478493e-06,0.0011965908992508476,1.0
203594_at,0.0004994127129631682,0.029712067553059,1.0
203612_at,0.0001154912397660962,0.011736958242028457,1.0
203614_at,0.00040711950052414806,0.025594717457335915,1.0
203622_s_at,2.4982951965805395e-05,0.00458370100245104,1.0
203625_x_at,4.691634976106603e-06,0.0019001121653231744,1.0
203649_s_at,0.0006892569752779643,0.03644596240166605,1.0
203685_at,0.00031111726463666953,0.02241377398530199,1.0
203693_s_at,3.888095697839947e-05,0.005938034421212266,1.0
203710_at,0.00022942106472177638,0.01828512640475674,1.0
203711_s_at,1.97497007741581e-05,0.0040905121450992765,1.0
203712_at,3.59451375568519e-07,0.0005819512607293851,1.0
203744_at,5.191927852575717e-05,0.007079018836398437,1.0
203746_s_at,0.0003620436772799271,0.024743422569100018,1.0
203755_at,1.6877537847233528e-06,0.0011984147815551859,1.0
203764_at,0.00010398764765638029,0.010870984006907444,1.0
203773_x_at,0.0009299916217028089,0.045318441993405595,1.0
203780_at,1.2782372231341615e-06,0.0011093273043628615,1.0
203789_s_at,0.00014741912859574932,0.013795434388388228,1.0
203791_at,9.99682332511864e-07,0.0009937751187288394,1.0
203797_at,0.0004874051703124503,0.029081571184866564,1.0
203819_s_at,4.989731340841849e-06,0.001973377663081579,1.0
203820_s_at,0.00040487944484400367,0.025561928886897445,1.0
203856_at,0.00019669878982901012,0.016419093639543705,1.0
203925_at,0.00040581169225106507,0.025561928886897445,1.0
203928_x_at,0.0008154998025922971,0.04115456653943086,1.0
203943_at,9.197004732537974e-05,0.009937672603784855,1.0
203963_at,3.377149426130619e-08,0.00015312507727994925,1.0
203988_s_at,6.071122358547213e-06,0.002155445551646551,1.0
204014_at,3.9791546992205795e-05,0.005963612494359675,1.0
204015_s_at,0.0008145931213751945,0.04115456653943086,1.0
204023_at,4.374867116546581e-05,0.006395611219176051,1.0
204026_s_at,0.00038843361115736624,0.025561928886897445,1.0
204030_s_at,8.441829694252859e-07,0.0009631928828867648,1.0
204033_at,1.4594703232088748e-05,0.003517227567293261,1.0
204045_at,7.034770829776145e-05,0.00852829479197363,1.0
204098_at,4.0972124120094606e-06,0.0017528039660277108,1.0
204127_at,0.0006277771914777408,0.03428546289378226,1.0
204146_at,1.8787079096660662e-06,0.001235074433214918,1.0
204159_at,0.0008321268411151552,0.041875092177706214,1.0
204162_at,2.019833795797991e-06,0.0012840101963785364,1.0
204170_s_at,0.001060570273853991,0.04981394171195029,1.0
204203_at,1.1215390782494084e-07,0.00027872795046948365,1.0
204208_at,0.00040487944484400367,0.025561928886897445,1.0
204228_at,0.0005342907387566141,0.03052487165731478,1.0
204240_s_at,8.997118499949311e-05,0.009870319189816472,1.0
204244_s_at,5.544813235825924e-05,0.0074122900652514034,1.0
204252_at,0.00036275690150855937,0.02476121546814043,1.0
204258_at,0.0006694880473076571,0.035921745816041364,1.0
204259_at,0.00011896825715124243,0.01202327072041438,1.0
204284_at,0.0008636825212030819,0.0426960595359661,1.0
204496_at,6.937136153733974e-05,0.00846099585727916,1.0
204508_s_at,1.4810395401671691e-05,0.003537376375640961,1.0
204510_at,0.00032858281844723306,0.023271069428241538,1.0
204615_x_at,0.00022324261593127236,0.01794969121476811,1.0
204623_at,0.0009375501350931781,0.04556493656552845,1.0
204630_s_at,0.0009464086255127732,0.045791939468947676,1.0
204667_at,7.695970797037996e-05,0.009029553719486104,1.0
204675_at,1.497108520965611e-08,0.00010454517221492819,1.0
204703_at,0.0002528573749725733,0.01960989642074531,1.0
204725_s_at,0.00037200377687070626,0.025329148817441926,1.0
204751_x_at,1.642028130339468e-09,5.793277070698983e-05,1.0
204767_s_at,4.4807975796094595e-05,0.0065090716494631915,1.0
204798_at,1.18329797360765e-05,0.003138220644087834,1.0
204812_at,2.217841031708483e-05,0.004278443263835051,1.0
204822_at,1.0653721640931417e-05,0.0029519606739864565,1.0
204825_at,1.222783265853825e-05,0.0031988361272994197,1.0
204831_at,0.0001455415154402735,0.013713178006485508,1.0
204862_s_at,0.000672342092055282,0.03600421536055098,1.0
204863_s_at,4.2924661202890156e-07,0.0006705445289337198,1.0
204881_s_at,1.8386664541239375e-05,0.004021163535169051,1.0
204900_x_at,1.304452879305522e-05,0.003286343676578576,1.0
204962_s_at,2.2138464303320838e-05,0.004278443263835051,1.0
205004_at,9.116618547521387e-05,0.009870319189816472,1.0
205009_at,0.00012013088305081711,0.012073816233094533,1.0
205029_s_at,1.4909923668433766e-06,0.0011716111578807316,1.0
205030_at,1.5296961640958856e-08,0.00010454517221492819,1.0
205044_at,0.00010190566471753657,0.010776967540486097,1.0
205047_s_at,8.218984473315713e-05,0.009381481755293039,1.0
205081_at,1.7883577686128495e-05,0.003983114574037478,1.0
205087_at,0.00014191717488375164,0.013433493938887306,1.0
205120_s_at,7.894874895901128e-06,0.0025006257684191562,1.0
205126_at,6.696728617276074e-05,0.00824647831417949,1.0
205157_s_at,0.00020569635338180887,0.016926277872538798,1.0
205160_at,0.0004877512716327872,0.029081571184866564,1.0
205196_s_at,0.00040487944484400367,0.025561928886897445,1.0
205201_at,0.000523472375282087,0.03015895902902856,1.0
205206_at,0.0007810693226882468,0.03994851750980345,1.0
205225_at,7.378078638462144e-08,0.0002123139208199567,1.0
205240_at,1.978713801386647e-05,0.0040905121450992765,1.0
205339_at,0.00015946679766890788,0.014459116355800229,1.0
205347_s_at,2.892161277003182e-09,5.793277070698983e-05,1.0
205350_at,3.526550380392112e-06,0.0016479841200678525,1.0
205363_at,0.0007966794193237695,0.04051948581537405,1.0
205475_at,2.9103558918517417e-05,0.00503556039199348,1.0
205548_s_at,0.0001270664652565399,0.012540359183937397,1.0
205624_at,0.0006339283217666014,0.03441909731140907,1.0
205763_s_at,0.000248068121225222,0.019440475716818745,1.0
205787_x_at,0.0006976790194755098,0.036604595890240954,1.0
205809_s_at,0.00013749858583483586,0.013165910999158759,1.0
206023_at,0.00040487944484400367,0.025561928886897445,1.0
206032_at,2.7243177134927155e-08,0.000135410973622922,1.0
206055_s_at,0.0009581081196762532,0.04599171329525825,1.0
206102_at,0.00019880110468263856,0.016544064533520947,1.0
206245_s_at,8.802464799301138e-05,0.009823242473045477,1.0
206348_s_at,0.00040487944484400367,0.025561928886897445,1.0
206364_at,0.00019669878982901012,0.016419093639543705,1.0
206391_at,0.0003792603898248741,0.025561928886897445,1.0
206392_s_at,0.0003870927605354229,0.025561928886897445,1.0
206401_s_at,0.0005227361720761981,0.03015895902902856,1.0
206445_s_at,0.0010660596411386945,0.04998868857569307,1.0
206453_s_at,0.0008550799474781699,0.04246275760978105,1.0
206555_s_at,0.00018445144397033494,0.01583184097186509,1.0
206560_s_at,5.593701666291107e-05,0.007459405819621129,1.0
206567_s_at,0.00016039768515505682,0.01449544369562435,1.0
206734_at,2.1802685264052178e-07,0.0003973539389373509,1.0
206833_s_at,0.00016399228403931134,0.014679320151983193,1.0
206989_s_at,1.1881329187493033e-05,0.003138220644087834,1.0
207076_s_at,5.508787943821506e-05,0.00740031893927373,1.0
207165_at,2.5386657638395087e-06,0.0014163423534482157,1.0
207186_s_at,0.0001703268743057574,0.015044623348412417,1.0
207305_s_at,0.0001281895428097407,0.01259607803213941,1.0
207405_s_at,1.3654853820357242e-05,0.003378186120488834,1.0
207469_s_at,5.979545567025213e-05,0.007802664770336599,1.0
207551_s_at,0.0001648486981859658,0.014679320151983193,1.0
207616_s_at,0.0005527925688694044,0.03122307200716393,1.0
207801_s_at,5.772460693913627e-05,0.007623412764244627,1.0
207828_s_at,5.190872190556386e-05,0.007079018836398437,1.0
207843_x_at,5.654669814973403e-06,0.00207496021566222,1.0
207847_s_at,8.456251799261826e-05,0.009513283274169554,1.0
208079_s_at,5.3113131047336764e-05,0.00720585717124848,1.0
208103_s_at,1.0260796949605685e-05,0.002864015889837302,1.0
208308_s_at,0.0009422856529843445,0.04563283266334724,1.0
208310_s_at,0.00026671224198668953,0.020338203389989193,1.0
208370_s_at,7.816387532881046e-05,0.00907348170616287,1.0
208433_s_at,1.97497007741581e-05,0.0040905121450992765,1.0
208451_s_at,0.0005176899005939224,0.030143445489853787,1.0
208610_s_at,0.00012036551540146851,0.01207520101756934,1.0
208682_s_at,0.0006443912847945596,0.03488326088726985,1.0
208685_x_at,0.0009089092488159651,0.04452922327868539,1.0
208709_s_at,0.0009171906504083911,0.0448144761493108,1.0
208714_at,0.0008051476878898726,0.04083622433708607,1.0
208757_at,0.0003827895463760377,0.025561928886897445,1.0
208763_s_at,0.00018403219104755713,0.01582069189547985,1.0
208772_at,9.820415933924851e-05,0.010446133097029985,1.0
208774_at,0.0007346173318527912,0.038107402864375105,1.0
208795_s_at,8.438520974164282e-05,0.009512909984792414,1.0
208828_at,3.428061796743126e-05,0.005456003241843955,1.0
208859_s_at,0.0006256339765205475,0.03427508784194482,1.0
208867_s_at,0.000612475156082637,0.03379119995844418,1.0
208873_s_at,0.0005084627873861659,0.030021817386974754,1.0
208879_x_at,0.000860032198523631,0.04259262722307928,1.0
208881_x_at,0.0005080620955713493,0.030021817386974754,1.0
208896_at,0.0008906994763498646,0.04379405923509788,1.0
208897_s_at,4.271164015067571e-06,0.0017963530194139957,1.0
208900_s_at,0.00015584305312390005,0.014320536016049134,1.0
208933_s_at,2.0431437967065873e-06,0.0012840101963785364,1.0
208935_s_at,9.33684916195675e-07,0.0009631928828867648,1.0
208939_at,0.00028539191716838087,0.021258587290437635,1.0
208941_s_at,7.47817519550256e-06,0.0024166840651379936,1.0
208964_s_at,0.0009530656114568566,0.04584197078067179,1.0
208969_at,8.346111542351526e-05,0.009467295613652898,1.0
208999_at,4.974502627519668e-05,0.006922500902495584,1.0
209016_s_at,0.00020476918116773415,0.016912016586625174,1.0
209049_s_at,0.0002594681504432806,0.019952772328391516,1.0
209070_s_at,0.000512704849761918,0.03008084306364946,1.0
209071_s_at,0.0003124314730966823,0.022447031263549414,1.0
209080_x_at,0.00021868039568909001,0.017713112050816292,1.0
209110_s_at,1.913420145019486e-05,0.0040905121450992765,1.0
209130_at,1.1343380091957274e-05,0.003061888684014441,1.0
209155_s_at,5.278422609130944e-06,0.002004151084404405,1.0
209167_at,0.00021493708545334083,0.01751368874390672,1.0
209170_s_at,0.0007451218232062168,0.03857910576117415,1.0
209173_at,1.2457104764213306e-06,0.001098535811263488,1.0
209204_at,0.000529619228586278,0.030321394055449997,1.0
209219_at,0.0004119149378444749,0.0257718474743805,1.0
209228_x_at,0.000675752853350368,0.036151455241615824,1.0
209272_at,0.0001959749061792066,0.016419093639543705,1.0
209283_at,2.4428354779822816e-06,0.0013861944829522382,1.0
209284_s_at,3.698557462009731e-05,0.005744847421459717,1.0
209293_x_at,0.00040487944484400367,0.025561928886897445,1.0
209313_at,0.00022522961542201743,0.01802991101493236,1.0
209317_at,0.0004874051703124503,0.029081571184866564,1.0
209332_s_at,0.0004615083757006485,0.0282564058694658,1.0
209341_s_at,0.00015827585151954312,0.014397880764562694,1.0
209363_s_at,0.00040487944484400367,0.025561928886897445,1.0
209366_x_at,2.6167610942852025e-05,0.004737464000994816,1.0
209369_at,0.0007258509738336715,0.037724241439501885,1.0
209373_at,2.9537160008954964e-05,0.00504670069840504,1.0
209375_at,0.0002125472475274071,0.01739994787588239,1.0
209376_x_at,7.197598165927117e-05,0.008680971735423537,1.0
209404_s_at,0.0009666570538110597,0.04636138106764885,1.0
209406_at,0.0003922091115871196,0.025561928886897445,1.0
209408_at,4.64435375330151e-06,0.0018950003094161199,1.0
209421_at,1.7083872090794362e-07,0.00035925411790930064,1.0
209422_at,0.00036087194222011293,0.024725154687825407,1.0
209449_at,3.3354308885382766e-05,0.005411414950469741,1.0
209451_at,0.00011238792580088916,0.011525657825423983,1.0
209459_s_at,8.049530643349252e-06,0.002516154834424785,1.0
209460_at,1.4263417049864765e-05,0.003481483603577482,1.0
209481_at,0.00041173661792588754,0.0257718474743805,1.0
209484_s_at,0.0006815018044947738,0.03635230357146513,1.0
209511_at,0.000834338800260851,0.0419278252796526,1.0
209520_s_at,0.0008535426415517654,0.04245964880603869,1.0
209533_s_at,4.0972124120094606e-06,0.0017528039660277108,1.0
209549_s_at,1.4602846964345134e-05,0.003517227567293261,1.0
209572_s_at,0.0002576297300953395,0.019853045673502847,1.0
209602_s_at,1.486498909984163e-08,0.00010454517221492819,1.0
209603_at,6.554731436058979e-07,0.0008334417238756388,1.0
209604_s_at,1.2084599900164103e-06,0.001098535811263488,1.0
209608_s_at,3.415917137087924e-05,0.005456003241843955,1.0
209623_at,0.00015225103670784356,0.014085153015230705,1.0
209642_at,0.00010398764765638029,0.010870984006907444,1.0
209644_x_at,5.46419004937182e-05,0.007364745154331754,1.0
209681_at,0.00011260364606838462,0.011525657825423983,1.0
209694_at,6.430374237446827e-05,0.008082315205342649,1.0
209696_at,0.0006976790194755098,0.036604595890240954,1.0
209709_s_at,7.912359541591478e-06,0.0025006257684191562,1.0
209744_x_at,0.0010296689074521309,0.048772257507790163,1.0
209747_at,0.00033627426684777983,0.023632127943319235,1.0
209773_s_at,6.60544067788337e-05,0.008241892595794092,1.0
209781_s_at,3.272481126933226e-05,0.005373060228680905,1.0
209791_at,2.154873117612999e-05,0.004268413028604394,1.0
209822_s_at,4.79127691403915e-08,0.00015409592075005325,1.0
209825_s_at,3.7301397716846445e-06,0.0016995449334738161,1.0
209862_s_at,0.0005113207940232389,0.03008084306364946,1.0
209953_s_at,0.0002745200773168476,0.020615900178455798,1.0
209971_x_at,0.00039827531164161845,0.025561928886897445,1.0
210046_s_at,7.33443916702746e-05,0.008794089067044437,1.0
210052_s_at,7.2476968441696845e-06,0.0023917741428792568,1.0
210074_at,0.0004874051703124503,0.029081571184866564,1.0
210076_x_at,1.917926000833643e-05,0.0040905121450992765,1.0
210087_s_at,0.0006892569752779643,0.03644596240166605,1.0
210093_s_at,0.000922553977703251,0.0449961094834302,1.0
210110_x_at,0.0009964715113205496,0.0474996337240201,1.0
210115_at,0.00040487944484400367,0.025561928886897445,1.0
210145_at,2.0477662368868952e-05,0.004177672350813097,1.0
210250_x_at,5.001166632804309e-05,0.006922500902495584,1.0
210397_at,0.0004957659622882505,0.02952723745981492,1.0
210465_s_at,0.00040487944484400367,0.025561928886897445,1.0
210524_x_at,0.0006849956352558786,0.03643203925838051,1.0
210540_s_at,0.0006232312907518256,0.03421201889744585,1.0
210559_s_at,1.495187482664214e-05,0.0035543206788985174,1.0
210596_at,7.57347495927422e-05,0.008969558482102947,1.0
210605_s_at,9.116618547521387e-05,0.009870319189816472,1.0
210621_s_at,0.0006176990610887998,0.034045056617973926,1.0
210652_s_at,1.3065861696135235e-05,0.003286343676578576,1.0
210735_s_at,4.5528739351302256e-05,0.006561967048873738,1.0
210758_at,0.00040487944484400367,0.025561928886897445,1.0
210959_s_at,0.000404514698446708,0.025561928886897445,1.0
210970_s_at,0.00016472050732850015,0.014679320151983193,1.0
210983_s_at,9.329708844043348e-06,0.002752314117846592,1.0
210996_s_at,0.0005009932060828095,0.02974137192462281,1.0
211000_s_at,4.962210649293366e-07,0.0007139707032897757,1.0
211042_x_at,3.2073661782725247e-06,0.0016358395898268428,1.0
211056_s_at,0.0004874051703124503,0.029081571184866564,1.0
211063_s_at,0.0009983165291578126,0.047546129121692864,1.0
211450_s_at,0.00017716526784029168,0.015399858536038072,1.0
211466_at,0.00040487944484400367,0.025561928886897445,1.0
211467_s_at,1.97497007741581e-05,0.0040905121450992765,1.0
211536_x_at,0.00040487944484400367,0.025561928886897445,1.0
211559_s_at,0.0007653680527751422,0.039292486653033705,1.0
211596_s_at,0.00020107869477407173,0.016708172700261963,1.0
211697_x_at,2.7004410350022707e-05,0.0047627939867338435,1.0
211955_at,0.000947313928647563,0.045795215781437235,1.0
212022_s_at,9.116618547521387e-05,0.009870319189816472,1.0
212099_at,2.9359662735505315e-06,0.0015470742036236042,1.0
212116_at,0.00034056301417237394,0.02384980009984507,1.0
212141_at,0.00022464447788217803,0.018017610241692048,1.0
212148_at,0.0001911306523657674,0.016226814313817287,1.0
212174_at,0.0003023443162228589,0.022099833542091992,1.0
212181_s_at,5.383221801676068e-06,0.002029845875907855,1.0
212196_at,1.0266979687391151e-05,0.002864015889837302,1.0
212199_at,4.9982714626111105e-05,0.006922500902495584,1.0
212207_at,2.6870649926901277e-05,0.00475453975648326,1.0
212208_at,1.6139345278075873e-07,0.00035296748123151935,1.0
212209_at,1.6632996496216628e-06,0.0011965908992508476,1.0
212219_at,6.623540810205701e-05,0.008241892595794092,1.0
212229_s_at,0.000257808183414486,0.019853045673502847,1.0
212236_x_at,0.0001539731293942638,0.014196426390609397,1.0
212239_at,0.0005904599170630432,0.03294224078104274,1.0
212242_at,9.363153651933536e-06,0.002752314117846592,1.0
212256_at,0.00015073981323060568,0.013973470817585055,1.0
212267_at,0.000385646791830441,0.025561928886897445,1.0
212274_at,1.7596958394706495e-06,0.001217865443329845,1.0
212276_at,1.1737564515109362e-06,0.001098535811263488,1.0
212299_at,0.00046880850665244675,0.028583589854326786,1.0
212333_at,0.00046437332530925384,0.02836828107405973,1.0
212350_at,0.0005113207940232389,0.03008084306364946,1.0
212418_at,3.85667206896322e-05,0.005907965712361486,1.0
212420_at,3.935942646212967e-08,0.00015312507727994925,1.0
212441_at,0.0003108568504382224,0.02241377398530199,1.0
212442_s_at,4.614985302359539e-07,0.0007009008927958549,1.0
212446_s_at,1.6320532346070632e-06,0.0011965908992508476,1.0
212462_at,1.660175608903815e-05,0.0038461907380006816,1.0
212481_s_at,0.0006590107596757436,0.035471179486413366,1.0
212492_s_at,8.154043878182923e-05,0.009379759850180865,1.0
212496_s_at,0.00025651108389458096,0.019826541742143867,1.0
212508_at,5.614300517652387e-05,0.0074686589003076466,1.0
212510_at,0.0010589397708499915,0.04978291657026938,1.0
212534_at,0.00034155269278790475,0.02384980009984507,1.0
212560_at,1.0118558458717349e-05,0.002864015889837302,1.0
212565_at,0.00040487944484400367,0.025561928886897445,1.0
212568_s_at,7.208342328088314e-05,0.008680971735423537,1.0
212603_at,0.0002747068853601111,0.020615900178455798,1.0
212637_s_at,2.389106073296406e-05,0.004464594981891986,1.0
212638_s_at,1.5264175752868405e-07,0.00034773700387003334,1.0
212680_x_at,7.659199832694052e-05,0.009018936500160866,1.0
212692_s_at,1.6195628968937923e-06,0.0011965908992508476,1.0
212693_at,0.0004874051703124503,0.029081571184866564,1.0
212708_at,5.499415655480036e-06,0.002045445924920891,1.0
212721_at,0.0005869853716164501,0.032815363183158905,1.0
212771_at,0.0005534788516618462,0.031229572976895194,1.0
212789_at,0.0008412399517898619,0.04211977505870943,1.0
212851_at,1.97497007741581e-05,0.0040905121450992765,1.0
212872_s_at,0.0008363803442525261,0.04197196359112238,1.0
212891_s_at,4.0972124120094606e-06,0.0017528039660277108,1.0
212908_at,0.0003110629902086608,0.02241377398530199,1.0
212943_at,0.0001703268743057574,0.015044623348412417,1.0
212953_x_at,0.0004580672968065263,0.02815215657811167,1.0
212956_at,5.329246324858149e-07,0.0007284413570290483,1.0
212960_at,0.0008109732463730117,0.04105552059763372,1.0
212970_at,0.00010674842855331316,0.011095951199909498,1.0
212973_at,0.0006090377435783648,0.03373772910855836,1.0
212985_at,0.00010515986310105128,0.010972548692843472,1.0
213007_at,4.9375391003034204e-05,0.006922050007925372,1.0
213010_at,0.0008623433565396935,0.04266843712109298,1.0
213033_s_at,7.99599010274246e-05,0.0092427221747874,1.0
213048_s_at,0.00017553169510619167,0.015347988795802393,1.0
213049_at,6.425613602858481e-06,0.0022377097053266717,1.0
213060_s_at,6.151621119404662e-05,0.007917322496843345,1.0
213077_at,3.970874853984465e-05,0.005963612494359675,1.0
213097_s_at,0.00030460372808039667,0.02221062540291892,1.0
213113_s_at,2.263692684174483e-06,0.0013181461734708129,1.0
213123_at,0.00017422791140035774,0.015290386927471204,1.0
213129_s_at,0.0005913776000100784,0.0329598066060663,1.0
213133_s_at,0.00016698502338874634,0.0148453758598044,1.0
213134_x_at,0.0002501855702976476,0.019477827335806205,1.0
213137_s_at,0.00014063943402795723,0.013372975748658368,1.0
213226_at,5.11794549859927e-06,0.00197977739978813,1.0
213229_at,0.00010891532822160264,0.011274054380747868,1.0
213243_at,0.00025573181218125593,0.019804726389532814,1.0
213260_at,1.4002057042188851e-05,0.003433015555074778,1.0
213262_at,0.0006196386869938708,0.03411756818871087,1.0
213304_at,4.966999777804556e-05,0.006922500902495584,1.0
213379_at,0.0005084627873861659,0.030021817386974754,1.0
213397_x_at,0.0009907892858120654,0.04726998621446307,1.0
213423_x_at,0.0008253881182287986,0.04159271462134522,1.0
213441_x_at,0.00022324261593127236,0.01794969121476811,1.0
213456_at,1.956213667354977e-05,0.0040905121450992765,1.0
213473_at,0.0005233385775815077,0.03015895902902856,1.0
213532_at,0.0002058705950660869,0.016926277872538798,1.0
213571_s_at,0.0005259770059931053,0.030238600804488248,1.0
213627_at,0.0002194489383535881,0.01774906908947105,1.0
213680_at,0.00020151164930186645,0.016718739644278526,1.0
213693_s_at,0.00013523046626086265,0.012989353092474749,1.0
213711_at,7.448273033657199e-05,0.008872207584209311,1.0
213720_s_at,0.0006314143982013888,0.03431884374385907,1.0
213787_s_at,9.035721291166083e-06,0.0027071221819810797,1.0
213850_s_at,0.0001154912397660962,0.011736958242028457,1.0
214011_s_at,0.0002723865447459899,0.02054170252963724,1.0
214051_at,5.758820210735793e-07,0.0007679597439560475,1.0
214053_at,0.0005218334736882198,0.03015895902902856,1.0
214096_s_at,2.94152779683242e-05,0.00504670069840504,1.0
214097_at,0.0006803488190601986,0.03633689950896455,1.0
214106_s_at,0.0007648460153185191,0.039292486653033705,1.0
214109_at,3.1171911540640546e-05,0.005229859238257609,1.0
214164_x_at,2.0625458843731393e-08,0.0001252996624756682,1.0
214211_at,0.00040487944484400367,0.025561928886897445,1.0
214315_x_at,6.696728617276074e-05,0.00824647831417949,1.0
214404_x_at,0.00031509790913081763,0.0225792636719888,1.0
214428_x_at,0.000235641697695162,0.01869914342740636,1.0
214431_at,8.079536768765276e-06,0.002516154834424785,1.0
214437_s_at,1.9581034328768605e-06,0.0012595212375593216,1.0
214440_at,2.178917323463886e-05,0.004268413028604394,1.0
214469_at,0.0005084627873861659,0.030021817386974754,1.0
214527_s_at,0.00026948984821328393,0.02048192832621084,1.0
214594_x_at,5.4579764071951624e-05,0.007364745154331754,1.0
214662_at,0.0002623334435023212,0.020116523174599454,1.0
214670_at,6.33196750241163e-05,0.00803249009731684,1.0
214678_x_at,0.000481859868287652,0.029081571184866564,1.0
214700_x_at,3.40840349665493e-05,0.005456003241843955,1.0
214710_s_at,0.00014871117269657142,0.013851419705596325,1.0
214741_at,4.7909287412565506e-05,0.006751134766190771,1.0
214845_s_at,2.3105920793979323e-05,0.004413188875769625,1.0
214855_s_at,0.00011980376425248185,0.012073816233094533,1.0
215177_s_at,8.55998338444897e-06,0.002600094953026375,1.0
215223_s_at,0.0003548922528664141,0.024437952047192936,1.0
215227_x_at,7.888655490472291e-05,0.009137971164016368,1.0
215304_at,0.00012372038245129504,0.012298930746408284,1.0
215722_s_at,0.0008541600157239661,0.04245964880603869,1.0
215726_s_at,6.301751516494171e-05,0.008012750329402763,1.0
215794_x_at,0.00013309923454634084,0.012880001148356081,1.0
215867_x_at,1.4361367570909901e-08,0.00010454517221492819,1.0
215947_s_at,2.5527277796903056e-05,0.004652346378485582,1.0
216092_s_at,9.853543000803064e-06,0.0028421069378872644,1.0
216212_s_at,4.488636841866183e-06,0.0018452347317972448,1.0
216383_at,0.0009530656114568566,0.04584197078067179,1.0
216532_x_at,0.0006892569752779643,0.03644596240166605,1.0
216550_x_at,0.0009482198135606893,0.04579851440497411,1.0
216836_s_at,2.6744717254683794e-05,0.00475453975648326,1.0
216944_s_at,0.000523187930698382,0.03015895902902856,1.0
216977_x_at,5.881247212559595e-05,0.007722060466260552,1.0
217122_s_at,0.00020391496292629266,0.016866944928888124,1.0
217294_s_at,8.322256917961258e-06,0.002556288747132201,1.0
217714_x_at,1.97497007741581e-05,0.0040905121450992765,1.0
217742_s_at,0.00035214429312316526,0.02437150535001147,1.0
217771_at,3.11596236147985e-05,0.005229859238257609,1.0
217800_s_at,2.3925492998524954e-05,0.004464594981891986,1.0
217832_at,0.00038539407299525394,0.025561928886897445,1.0
217834_s_at,4.577380081111839e-05,0.006561967048873738,1.0
217838_s_at,1.5000051404051433e-06,0.0011716111578807316,1.0
217867_x_at,0.00013306406891635785,0.012880001148356081,1.0
217894_at,3.6705417318522656e-05,0.005717574620769876,1.0
217897_at,0.00010258939979877573,0.010786683526919352,1.0
217906_at,1.1368329270323394e-05,0.003061888684014441,1.0
217926_at,0.0002507981791386844,0.019477827335806205,1.0
217941_s_at,0.00040487944484400367,0.025561928886897445,1.0
217957_at,0.0005713756344036188,0.032040987498479855,1.0
217971_at,0.0002148020860285851,0.01751368874390672,1.0
217984_at,0.0006116419717209953,0.03377931798368224,1.0
217988_at,0.00017605721727912067,0.01535235782254533,1.0
217990_at,6.215519993479689e-05,0.007977313512758263,1.0
218009_s_at,5.572093175337302e-06,0.002058474286226804,1.0
218028_at,0.00023542490380759775,0.01869914342740636,1.0
218035_s_at,6.936757276418873e-06,0.0023670131772299792,1.0
218039_at,7.061622249880815e-06,0.0023832975093347752,1.0
218057_x_at,2.6600533761232895e-05,0.00475453975648326,1.0
218080_x_at,7.781900496913048e-05,0.00905266829082385,1.0
218092_s_at,0.0001648486981859658,0.014679320151983193,1.0
218104_at,7.305464688812727e-06,0.0023917741428792568,1.0
218105_s_at,0.00040487944484400367,0.025561928886897445,1.0
218111_s_at,0.0007839439470410833,0.04002066788466035,1.0
218126_at,0.0005279548835189893,0.030289541717104657,1.0
218132_s_at,0.00044003647094882663,0.027277771030756348,1.0
218146_at,5.3113131047336764e-05,0.00720585717124848,1.0
218147_s_at,0.0007790570193739198,0.039882904994633955,1.0
218193_s_at,0.0003437674586136851,0.023973833928192897,1.0
218195_at,6.227953645351765e-07,0.0008107461084752565,1.0
218211_s_at,4.243516574725944e-08,0.00015312507727994925,1.0
218235_s_at,2.3281452074839285e-06,0.0013399088338861451,1.0
218238_at,2.266222959419413e-06,0.0013181461734708129,1.0
218239_s_at,3.952838275705246e-05,0.005963612494359675,1.0
218259_at,0.0002708447037924177,0.02048192832621084,1.0
218281_at,2.8374294226488937e-05,0.004956436219914641,1.0
218287_s_at,9.116618547521387e-05,0.009870319189816472,1.0
218309_at,0.00014626947211632548,0.013718049170033856,1.0
218313_s_at,8.455726979138475e-06,0.002582775824493833,1.0
218319_at,0.0003479439251982072,0.02415969072445778,1.0
218350_s_at,1.4815897394088342e-05,0.003537376375640961,1.0
218352_at,0.00031339950224778374,0.022487031214432514,1.0
218353_at,0.001052809344729,0.0496227163129811,1.0
218379_at,0.000569878312151051,0.03202270988371913,1.0
218384_at,0.0004330207660493176,0.026914475538631365,1.0
218401_s_at,0.00019027157052716376,0.016204425870259054,1.0
218423_x_at,1.5951623938283e-05,0.003727158285579586,1.0
218440_at,3.0989728667009134e-05,0.005229859238257609,1.0
218447_at,0.0005447724305049012,0.03098110599803725,1.0
218473_s_at,9.649222811809822e-05,0.010324290748252486,1.0
218488_at,0.0002347188132650627,0.018680132627754444,1.0
218496_at,0.00048500286773536436,0.029081571184866564,1.0
218497_s_at,2.273040282613778e-07,0.0004008983143609946,1.0
218502_s_at,0.00034749939679844623,0.02415969072445778,1.0
218504_at,4.6086791893324466e-05,0.006561967048873738,1.0
218512_at,0.00011464993540278265,0.011694935108483472,1.0
218518_at,0.00034056301417237394,0.02384980009984507,1.0
218542_at,1.83512342391341e-05,0.004021163535169051,1.0
218566_s_at,0.0006871586088475991,0.03644596240166605,1.0
218575_at,0.00016399228403931134,0.014679320151983193,1.0
218592_s_at,0.0004587758849766346,0.02815215657811167,1.0
218640_s_at,4.6086791893324466e-05,0.006561967048873738,1.0
218641_at,4.103500825817046e-06,0.0017528039660277108,1.0
218643_s_at,9.066681824844173e-06,0.0027071221819810797,1.0
218662_s_at,7.48369180399215e-06,0.0024166840651379936,1.0
218693_at,0.0005233385775815077,0.03015895902902856,1.0
218726_at,0.00040487944484400367,0.025561928886897445,1.0
218755_at,0.00016956818863608336,0.015026159989753415,1.0
218769_s_at,0.00028432009546852346,0.021207641500329496,1.0
218781_at,1.8102075590539448e-06,0.001235074433214918,1.0
218782_s_at,4.488193894554409e-05,0.0065090716494631915,1.0
218806_s_at,3.431209575457666e-06,0.001645626171387262,1.0
218807_at,2.2257899190819385e-06,0.0013181461734708129,1.0
218823_s_at,9.30344700637917e-07,0.0009631928828867648,1.0
218847_at,2.180261320983948e-06,0.0013181461734708129,1.0
218868_at,0.00012955428565569743,0.012671521588953948,1.0
218875_s_at,9.116618547521387e-05,0.009870319189816472,1.0
218877_s_at,2.1822822610409205e-05,0.004268413028604394,1.0
218882_s_at,0.0009777871423512653,0.04677210149436171,1.0
218883_s_at,0.0001729125785697427,0.015223824852336044,1.0
218886_at,1.3931513276145568e-05,0.0034311058034831483,1.0
218963_s_at,0.0005156476045866843,0.030092837163928122,1.0
218966_at,5.1598313571133445e-05,0.007079018836398437,1.0
218976_at,4.0384816862295035e-05,0.0060164573894985855,1.0
218982_s_at,0.00012764671633161472,0.012574926514290152,1.0
219000_s_at,0.0006116419717209953,0.03377931798368224,1.0
219006_at,5.99977597613446e-06,0.0021440375914715793,1.0
219105_x_at,5.4885500188844466e-08,0.00016671470682361506,1.0
219110_at,4.5689033255087285e-05,0.006561967048873738,1.0
219112_at,0.0005233385775815077,0.03015895902902856,1.0
219162_s_at,1.2179877572724514e-05,0.0031988361272994197,1.0
219197_s_at,0.00015446020426256924,0.014217359710531943,1.0
219206_x_at,5.743775101756944e-05,0.007603895973088643,1.0
219212_at,0.0001399807077468869,0.013333528216134219,1.0
219257_s_at,7.741250921289175e-05,0.009043865259006105,1.0
219275_at,3.442542405330097e-05,0.005456003241843955,1.0
219286_s_at,0.0005348482313252412,0.03052487165731478,1.0
219342_at,0.00019027419128863854,0.016204425870259054,1.0
219410_at,5.0966212659872066e-05,0.007019087348056688,1.0
219492_at,0.0008901837708851361,0.04379405923509788,1.0
219555_s_at,5.17245224584972e-07,0.0007251380167739319,1.0
219582_at,7.290262907490948e-06,0.0023917741428792568,1.0
219625_s_at,2.126126257890435e-06,0.0013181461734708129,1.0
219630_at,0.00014534235241129138,0.013713178006485508,1.0
219648_at,8.247249577446898e-07,0.0009631928828867648,1.0
219654_at,0.00014155297862457903,0.013433493938887306,1.0
219682_s_at,0.0005233385775815077,0.03015895902902856,1.0
219787_s_at,0.00019517794795837496,0.016417468160960232,1.0
219806_s_at,2.628057229243731e-06,0.0014514043334232422,1.0
219862_s_at,0.0005123310188132261,0.03008084306364946,1.0
219913_s_at,0.00029791546149357317,0.02180525817558382,1.0
219918_s_at,4.812891284086485e-06,0.001934888462922269,1.0
219956_at,2.1227690570570486e-05,0.004256338697384043,1.0
219978_s_at,0.0001732274478208036,0.0152270268643126,1.0
220147_s_at,0.00019086650301719936,0.016226814313817287,1.0
220192_x_at,4.718981135788961e-05,0.006666932651143707,1.0
220202_s_at,0.0006295858206741177,0.03428546289378226,1.0
220295_x_at,0.00010258939979877573,0.010786683526919352,1.0
220355_s_at,9.678265655048628e-05,0.010335140130659838,1.0
220414_at,3.9715726098684516e-05,0.005963612494359675,1.0
220425_x_at,0.00018161137035414303,0.0157612724985917,1.0
220624_s_at,1.6256771738050483e-06,0.0011965908992508476,1.0
220625_s_at,1.0190890710122177e-05,0.002864015889837302,1.0
220643_s_at,0.00014572211105199964,0.013713178006485508,1.0
220688_s_at,0.00013465564072257658,0.012961790768498018,1.0
220768_s_at,0.00014627567747836742,0.013718049170033856,1.0
221012_s_at,2.4831923800415152e-05,0.004571331426894608,1.0
221024_s_at,0.0001494636090380679,0.013897827932238711,1.0
221059_s_at,0.0007276818745891078,0.03778348194981906,1.0
221185_s_at,0.0005472078055299998,0.03100371685736035,1.0
221257_x_at,0.001008017398961503,0.04785050825682977,1.0
221473_x_at,0.0002707023155801863,0.02048192832621084,1.0
221477_s_at,0.00029220196267974925,0.021589381499344987,1.0
221514_at,0.00040487944484400367,0.025561928886897445,1.0
221518_s_at,0.00040487944484400367,0.025561928886897445,1.0
221520_s_at,0.00040487944484400367,0.025561928886897445,1.0
221524_s_at,1.806698517350333e-05,0.003983114574037478,1.0
221539_at,3.6036146394078908e-06,0.0016697256814375123,1.0
221540_x_at,0.00021258646878993023,0.01739994787588239,1.0
221547_at,0.0006655795835969991,0.03578226522435194,1.0
221579_s_at,0.000266112698260335,0.020320826504726,1.0
221580_s_at,8.662308559748576e-06,0.002616639339802505,1.0
221652_s_at,0.00029145544209904827,0.0215633644069898,1.0
221711_s_at,8.994956543577545e-05,0.009870319189816472,1.0
221746_at,0.000752173364749789,0.038833879808965736,1.0
221765_at,3.1193739978627416e-05,0.005229859238257609,1.0
221779_at,0.00038468956578065986,0.025561928886897445,1.0
221823_at,1.080965328368844e-05,0.002969938659726962,1.0
221825_at,0.00023870560426194262,0.01888745139366384,1.0
221830_at,0.00046239616107514916,0.02827909407917649,1.0
221843_s_at,0.00012096420357938424,0.012113036319968561,1.0
221872_at,0.0002867166800579951,0.02132821017982433,1.0
221881_s_at,1.9730880243338735e-05,0.0040905121450992765,1.0
221918_at,4.331148048966264e-06,0.001807675721963592,1.0
221922_at,2.4592750772083604e-06,0.0013861944829522382,1.0
221931_s_at,0.0007174585819302649,0.037430389281524076,1.0
221935_s_at,0.0006067510270199427,0.03364514442425494,1.0
221957_at,0.00040487944484400367,0.025561928886897445,1.0
222056_s_at,0.00040487944484400367,0.025561928886897445,1.0
222077_s_at,0.0006267946745552488,0.03428546289378226,1.0
222148_s_at,0.000356820952613387,0.02448342672802264,1.0
222158_s_at,0.00036554895131274504,0.02492068443020491,1.0
222182_s_at,3.3697674543269493e-05,0.005434868305761827,1.0
222201_s_at,0.0001341400281764594,0.012934931288444298,1.0
222242_s_at,0.0006889135104177464,0.03644596240166605,1.0
222258_s_at,0.00027064008214145103,0.02048192832621084,1.0
222275_at,0.00031957086461793414,0.022810100552200455,1.0
222406_s_at,0.00013785596021014454,0.013177053539317576,1.0
222413_s_at,7.019486394982576e-05,0.00852829479197363,1.0
222423_at,8.899154406117562e-05,0.009870319189816472,1.0
222439_s_at,0.0006921465814661286,0.03645772094572311,1.0
222443_s_at,0.0006483824364129469,0.03502995030719157,1.0
222446_s_at,6.623474833835895e-05,0.008241892595794092,1.0
222448_s_at,0.00037869832383722544,0.025561928886897445,1.0
222457_s_at,8.176339756070843e-05,0.009379759850180865,1.0
222473_s_at,4.996949179725266e-05,0.006922500902495584,1.0
222474_s_at,0.00024032552567515803,0.018988147566892002,1.0
222496_s_at,0.00030792179534499365,0.022383481260888762,1.0
222549_at,6.876866248310906e-07,0.0008545287775599972,1.0
222587_s_at,7.375537762126725e-05,0.008824015911253364,1.0
222605_at,0.0003912420096067317,0.025561928886897445,1.0
222606_at,0.0005110246363611111,0.03008084306364946,1.0
222608_s_at,2.5028252856925013e-08,0.000135410973622922,1.0
222619_at,5.066529085921715e-05,0.006995264590221459,1.0
222627_at,0.00013263197235269977,0.012880001148356081,1.0
222661_at,0.0002657777085026323,0.020320826504726,1.0
222670_s_at,0.000752173364749789,0.038833879808965736,1.0
222684_s_at,7.252154631597317e-06,0.0023917741428792568,1.0
222699_s_at,9.247587711673203e-07,0.0009631928828867648,1.0
222702_x_at,9.110388321618997e-06,0.0027071221819810797,1.0
222740_at,5.187293678102755e-05,0.007079018836398437,1.0
222760_at,0.0001269443531604375,0.012540359183937397,1.0
222787_s_at,0.00013226141350954076,0.012880001148356081,1.0
222791_at,0.00044660514251845926,0.027559973100673547,1.0
222794_x_at,6.154297322649148e-05,0.007917322496843345,1.0
222835_at,1.3285677523605433e-05,0.003301792811832396,1.0
222843_at,0.0001173068297774874,0.011899352352660712,1.0
222850_s_at,0.0006225688516374443,0.03421000197314298,1.0
222891_s_at,0.00013281240947547306,0.012880001148356081,1.0
222958_s_at,3.331652906382982e-05,0.005411414950469741,1.0
222977_at,0.0004120041183466869,0.0257718474743805,1.0
222979_s_at,0.000318267932366382,0.022746796342656125,1.0
222983_s_at,0.0005038648667660287,0.02987940519569698,1.0
222993_at,4.325630085667359e-05,0.006348215344008073,1.0
222996_s_at,1.4741057983390352e-06,0.0011716111578807316,1.0
223004_s_at,0.0007560098897341833,0.038980204631879845,1.0
223018_at,0.0004072684808026017,0.025594717457335915,1.0
223028_s_at,6.246306550241488e-05,0.007992060022010278,1.0
223038_s_at,8.19715065148369e-06,0.002532085942767631,1.0
223062_s_at,7.377328285994727e-07,0.0008963453867483592,1.0
223075_s_at,1.7316286956962269e-06,0.0012138051145793745,1.0
223076_s_at,0.0009723900206994597,0.04655466233077317,1.0
223079_s_at,3.469591885698247e-05,0.005482657119958141,1.0
223090_x_at,6.466598888791835e-05,0.008109203996437926,1.0
223100_s_at,3.65894383090739e-05,0.005717574620769876,1.0
223111_x_at,0.0002759039626677469,0.020664450902546656,1.0
223130_s_at,0.00037703742844081027,0.025544636183396904,1.0
223132_s_at,1.13416682128432e-05,0.003061888684014441,1.0
223151_at,0.00024994898678613463,0.019477827335806205,1.0
223155_at,0.000646728929345097,0.034975177262060515,1.0
223189_x_at,0.0002407177396407884,0.018991691796334927,1.0
223190_s_at,0.0006565039393833035,0.03539877010432162,1.0
223234_at,0.0002951960374529292,0.02166421925870994,1.0
223236_at,0.000985479525075398,0.04705772317336016,1.0
223243_s_at,0.00019820360172825786,0.01651948464099466,1.0
223261_at,7.43813548409383e-05,0.008872207584209311,1.0
223287_s_at,1.3975986352654781e-06,0.0011552227189640409,1.0
223296_at,0.0003061862749094592,0.022291257763881068,1.0
223300_s_at,4.993115294811759e-06,0.001973377663081579,1.0
223301_s_at,2.858894180585568e-05,0.004978026730048278,1.0
223307_at,3.258941885067241e-05,0.005366947215844921,1.0
223315_at,1.5255815354259943e-05,0.0035953090710955276,1.0
223316_at,0.0009711286692437708,0.04653502190263205,1.0
223343_at,0.0001765221431930284,0.015368388820189215,1.0
223344_s_at,3.112093699544398e-05,0.005229859238257609,1.0
223358_s_at,0.00038094879582790335,0.025561928886897445,1.0
223361_at,0.0007669832892618835,0.03933847217672934,1.0
223381_at,0.00019245223310823038,0.0163136834809186,1.0
223423_at,0.0003110809231196004,0.02241377398530199,1.0
223429_x_at,0.00014760547082226088,0.013795434388388228,1.0
223454_at,0.0008535426415517654,0.04245964880603869,1.0
223466_x_at,3.412715287667842e-06,0.001645626171387262,1.0
223491_at,2.3925492998524954e-05,0.004464594981891986,1.0
223592_s_at,0.00019488547006232056,0.016417468160960232,1.0
223675_s_at,7.727121091855397e-05,0.009043865259006105,1.0
223696_at,0.0002286469841067085,0.018250034826327425,1.0
223738_s_at,0.0004587758849766346,0.02815215657811167,1.0
223776_x_at,0.0001824609317649583,0.015773122396222316,1.0
223861_at,0.00034539719283609963,0.02405680448192834,1.0
223864_at,2.9461741204793032e-05,0.00504670069840504,1.0
223989_s_at,4.400051873922703e-06,0.001822521486414574,1.0
224191_x_at,0.0006842688867849803,0.036428823159658036,1.0
224217_s_at,4.3308355250388866e-05,0.006348215344008073,1.0
224250_s_at,1.1485204674230378e-05,0.0030712314203311833,1.0
224254_x_at,0.00012832218498219755,0.01259607803213941,1.0
224331_s_at,0.0009541502103046089,0.04584197078067179,1.0
224333_s_at,0.0009119189885865499,0.04463667923094863,1.0
224428_s_at,9.573702535775656e-07,0.0009693373817472852,1.0
224516_s_at,5.771215492854425e-06,0.0020896768680252692,1.0
224523_s_at,0.0003115586324431553,0.02241377398530199,1.0
224576_at,8.345781989786694e-05,0.009467295613652898,1.0
224609_at,0.0003234641079591837,0.023027864717016108,1.0
224610_at,0.00018581580589132653,0.015923948569135232,1.0
224652_at,0.00018290186738372107,0.015773122396222316,1.0
224699_s_at,5.1418087017817e-06,0.00197977739978813,1.0
224706_at,0.0008159405601964893,0.04115456653943086,1.0
224740_at,0.00017556144923251904,0.015347988795802393,1.0
224751_at,0.0005644807254322115,0.0317520408055619,1.0
224778_s_at,1.7579435147285476e-05,0.003983114574037478,1.0
224809_x_at,0.00019602178451399977,0.016419093639543705,1.0
224838_at,0.0005462420883787455,0.03098110599803725,1.0
224847_at,3.918195826081648e-08,0.00015312507727994925,1.0
224848_at,4.321474397272981e-05,0.006348215344008073,1.0
224851_at,3.950836434191129e-06,0.0017528039660277108,1.0
224861_at,0.000860032198523631,0.04259262722307928,1.0
224862_at,0.0008812768843828684,0.04348719643829723,1.0
224863_at,0.0005162703476865949,0.030092837163928122,1.0
224869_s_at,0.0010515020990545837,0.04960386304211334,1.0
224870_at,0.0008534137848843829,0.04245964880603869,1.0
224879_at,0.00017220177129365655,0.015185696524968826,1.0
224901_at,9.116618547521387e-05,0.009870319189816472,1.0
224903_at,1.779530242988885e-05,0.003983114574037478,1.0
224909_s_at,7.670426104389214e-05,0.009018936500160866,1.0
224913_s_at,0.0007069459263637675,0.0369591035641601,1.0
224925_at,0.0005227361720761981,0.03015895902902856,1.0
224938_at,0.00040535351341844194,0.025561928886897445,1.0
224939_at,0.0005985114267307187,0.033323434069757685,1.0
224956_at,1.2559820996487865e-05,0.0032545412937581707,1.0
224957_at,0.0007204967658600294,0.037517295879425816,1.0
224967_at,0.0006993249056531878,0.03662412760209583,1.0
224970_at,6.281058650318939e-05,0.00800505551762676,1.0
224976_at,0.0007984442251538049,0.04057150372703001,1.0
224989_at,2.2257899190819385e-06,0.0013181461734708129,1.0
224990_at,1.3163406770383321e-05,0.003286343676578576,1.0
224999_at,0.0005462420883787455,0.03098110599803725,1.0
225064_at,2.8587414906439155e-06,0.0015470742036236042,1.0
225068_at,0.0003827895463760377,0.025561928886897445,1.0
225071_at,0.0010561064400521597,0.04969244372620639,1.0
225074_at,0.0008075210425215808,0.040918640407662125,1.0
225081_s_at,0.00010746025493001192,0.011148746562236056,1.0
225082_at,1.679015612397277e-05,0.0038723690105944173,1.0
225092_at,1.7231261889696003e-05,0.003925496849246371,1.0
225106_s_at,0.00042421481073175925,0.026446915366885905,1.0
225148_at,0.0006907585457854208,0.03645562933838551,1.0
225178_at,0.0005709308512220629,0.032040987498479855,1.0
225180_at,0.0005289594532019784,0.03031536488869829,1.0
225182_at,8.973899099236391e-05,0.009870319189816472,1.0
225185_at,1.521270206846153e-05,0.0035953090710955276,1.0
225194_at,0.0002481838509435662,0.019440475716818745,1.0
225205_at,6.019906101387513e-05,0.007836627764127673,1.0
225219_at,0.0003921269109662844,0.025561928886897445,1.0
225229_at,1.544779103559599e-06,0.0011895886970017054,1.0
225240_s_at,1.803672996561385e-05,0.003983114574037478,1.0
225276_at,0.00012349218441369,0.012298606890379784,1.0
225286_at,0.00047821935222190984,0.028990602495872635,1.0
225304_s_at,0.0006982824602381584,0.036604595890240954,1.0
225315_at,0.0006026740850210031,0.03352106368110208,1.0
225327_at,3.677452392068207e-06,0.0016896194078683125,1.0
225334_at,3.1656577916102516e-05,0.0052608613907687085,1.0
225411_at,0.00047044383604444924,0.028611253321168255,1.0
225421_at,4.481026495618085e-08,0.00015312507727994925,1.0
225431_x_at,8.505056899306604e-08,0.0002325069929847943,1.0
225439_at,0.00021579530871036087,0.01755745313056396,1.0
225489_at,6.948307526142375e-05,0.00846099585727916,1.0
225490_at,8.652957165309476e-05,0.00971458794688492,1.0
225516_at,0.000877021014155391,0.04331628179669919,1.0
225520_at,3.2312880786703068e-06,0.0016358395898268428,1.0
225527_at,6.095197701231449e-05,0.00791579416424773,1.0
225540_at,3.104070637120885e-05,0.005229859238257609,1.0
225544_at,9.491611223811122e-05,0.010175565561997512,1.0
225561_at,1.7817693485879936e-05,0.003983114574037478,1.0
225585_at,0.00017572640121028436,0.015347988795802393,1.0
225610_at,8.98076429380893e-05,0.009870319189816472,1.0
225612_s_at,1.051721399175635e-06,0.0010268369196415686,1.0
225629_s_at,0.0004689433945922474,0.028583589854326786,1.0
225655_at,0.0006945443533177918,0.036521959611531624,1.0
225656_at,0.0003620436772799271,0.024743422569100018,1.0
225657_at,0.000290302062379821,0.02150713449948064,1.0
225658_at,1.2344460531418804e-06,0.001098535811263488,1.0
225659_at,0.0001648486981859658,0.014679320151983193,1.0
225697_at,0.0005133137005648824,0.03008084306364946,1.0
225706_at,1.685640282618146e-05,0.0038723690105944173,1.0
225736_at,0.0004874051703124503,0.029081571184866564,1.0
225751_at,0.000224746413988733,0.018017610241692048,1.0
225761_at,5.537607633031871e-05,0.0074122900652514034,1.0
225764_at,0.0008542407624443085,0.04245964880603869,1.0
225788_at,7.778829931499516e-05,0.00905266829082385,1.0
225834_at,1.346341111689836e-07,0.0003200486968767034,1.0
225835_at,0.00043319137583896843,0.026914475538631365,1.0
225864_at,0.0007192434084585129,0.037487734373183215,1.0
225878_at,2.907219502381486e-07,0.0004967257071647117,1.0
225912_at,1.9890442211991307e-07,0.0003973539389373509,1.0
226030_at,2.1707559845180798e-05,0.004268413028604394,1.0
226034_at,0.00010286762845502999,0.010795177707828724,1.0
226064_s_at,0.0008541600157239661,0.04245964880603869,1.0
226120_at,0.0006947021124095635,0.036521959611531624,1.0
226126_at,0.00025065373511195464,0.019477827335806205,1.0
226134_s_at,0.00025673875726452415,0.019826541742143867,1.0
226153_s_at,0.0007855419416325573,0.04006483736824633,1.0
226189_at,0.00015785653134670744,0.014384676418968716,1.0
226213_at,0.0005564484795504889,0.03136476352517833,1.0
226245_at,0.0005612435994761622,0.031602465294911605,1.0
226259_at,2.185927111127993e-05,0.004268413028604394,1.0
226277_at,0.00010908047128332185,0.011274054380747868,1.0
226302_at,3.758181592603517e-05,0.005804479620779584,1.0
226320_at,0.0005131115273003412,0.03008084306364946,1.0
226345_at,0.00018202078191333486,0.01577176901919427,1.0
226449_at,4.682487962269468e-05,0.00664974102174242,1.0
226452_at,9.928530866693507e-06,0.0028421069378872644,1.0
226455_at,1.954912578148892e-05,0.0040905121450992765,1.0
226464_at,5.255292167006037e-06,0.002004151084404405,1.0
226466_s_at,0.0002951960374529292,0.02166421925870994,1.0
226488_at,2.316571023952231e-05,0.004413188875769625,1.0
226511_at,0.0005242773221101822,0.030173539564604432,1.0
226520_at,0.00034155269278790475,0.02384980009984507,1.0
226528_at,8.803637515852371e-05,0.009823242473045477,1.0
226534_at,7.867815938867174e-06,0.0025006257684191562,1.0
226554_at,0.0006278969979629692,0.03428546289378226,1.0
226560_at,0.00040487944484400367,0.025561928886897445,1.0
226661_at,0.00040487944484400367,0.025561928886897445,1.0
226679_at,0.000446513159995023,0.027559973100673547,1.0
226684_at,0.000374220997823418,0.025416811249683702,1.0
226712_at,0.0006805484242739771,0.03633689950896455,1.0
226742_at,0.0003920720120879364,0.025561928886897445,1.0
226752_at,2.9486607271497572e-05,0.00504670069840504,1.0
226785_at,0.0005002154546467045,0.02972747824218323,1.0
226806_s_at,0.0002672003756252221,0.020347048102101698,1.0
226817_at,1.3431941457359888e-06,0.0011474865612205497,1.0
226831_at,8.410132055419963e-05,0.00950049525062162,1.0
226880_at,0.000515840699630805,0.030092837163928122,1.0
226901_at,1.798526227126586e-05,0.003983114574037478,1.0
226921_at,0.00011114107063761355,0.01146535478700287,1.0
226936_at,2.1364051910360688e-07,0.0003973539389373509,1.0
226939_at,1.2663800451820673e-05,0.0032546053986330127,1.0
226941_at,0.0004113801424019586,0.0257718474743805,1.0
227052_at,4.025126325956225e-05,0.006012944859881328,1.0
227068_at,0.0007158914582135354,0.03738430322619394,1.0
227077_at,0.0001564768603041004,0.014330606929860452,1.0
227107_at,0.0006354456670596096,0.034433094000479836,1.0
227182_at,0.00032782942450658735,0.023271069428241538,1.0
227211_at,0.00040487944484400367,0.025561928886897445,1.0
227223_at,0.0001901350579820873,0.016204425870259054,1.0
227224_at,3.442745529832948e-05,0.005456003241843955,1.0
227232_at,0.00011838121460051595,0.01198609797830224,1.0
227249_at,0.0010515020990545837,0.04960386304211334,1.0
227262_at,0.00040487944484400367,0.025561928886897445,1.0
227274_at,3.857601754573481e-05,0.005907965712361486,1.0
227279_at,1.4045624421750455e-06,0.0011552227189640409,1.0
227290_at,0.0003485514937932727,0.02415969072445778,1.0
227357_at,6.948307526142375e-05,0.00846099585727916,1.0
227363_s_at,2.1076226974997394e-05,0.004256338697384043,1.0
227407_at,1.6492339899791873e-05,0.0038371007830685987,1.0
227498_at,0.00040487944484400367,0.025561928886897445,1.0
227514_at,0.00016472594836324834,0.014679320151983193,1.0
227522_at,1.5774830464260838e-05,0.0037016689082981172,1.0
227525_at,4.1850866163311506e-05,0.006217924205106132,1.0
227533_at,4.585989654743044e-05,0.006561967048873738,1.0
227536_at,0.000845422955958063,0.04225182826051837,1.0
227545_at,0.00013541712414651315,0.012989353092474749,1.0
227550_at,0.0008028685393091942,0.04075843768498625,1.0
227558_at,3.974441122233393e-06,0.0017528039660277108,1.0
227568_at,6.385735171837968e-05,0.00806328107437046,1.0
227629_at,0.00038053758341752964,0.025561928886897445,1.0
227728_at,0.0004197099886193533,0.026195940214341486,1.0
227740_at,0.0007396356704063233,0.03833135571513339,1.0
227742_at,0.0001222898227882962,0.012221453296309836,1.0
227767_at,3.00812171724165e-06,0.0015515948574545964,1.0
227856_at,0.0003996815511429543,0.025561928886897445,1.0
227873_at,0.000485440064163069,0.029081571184866564,1.0
227942_s_at,9.88362020068818e-06,0.0028421069378872644,1.0
228073_at,0.0006295858206741177,0.03428546289378226,1.0
228098_s_at,7.595620625905193e-05,0.008969558482102947,1.0
228151_at,0.00034125800132694045,0.02384980009984507,1.0
228204_at,0.00024546247274123836,0.019299139066294234,1.0
228214_at,9.116618547521387e-05,0.009870319189816472,1.0
228220_at,0.0004702061815594923,0.028611253321168255,1.0
228222_at,0.0001270664652565399,0.012540359183937397,1.0
228241_at,6.505265643578554e-09,8.891884976566436e-05,1.0
228245_s_at,1.315834612676099e-05,0.003286343676578576,1.0
228254_at,2.663468996916833e-05,0.00475453975648326,1.0
228273_at,0.0006666402356198341,0.035804081417008284,1.0
228303_at,0.000331175379420688,0.023363888864291766,1.0
228390_at,7.110181985977615e-05,0.008600646019542612,1.0
228401_at,0.0007248107254876242,0.03770601942534334,1.0
228454_at,3.4300703102288285e-05,0.005456003241843955,1.0
228545_at,0.0006886443822000676,0.03644596240166605,1.0
228554_at,0.0002791965173651628,0.020882448135349216,1.0
228559_at,8.989239797751314e-07,0.0009631928828867648,1.0
228708_at,2.636258031303339e-05,0.00475453975648326,1.0
228725_x_at,0.0005784054145581436,0.03236879840426459,1.0
228729_at,0.0009324653244596464,0.045387938674800184,1.0
228768_at,6.510357535718744e-06,0.0022528721409203942,1.0
228785_at,3.313135960229089e-05,0.00540733458583658,1.0
228927_at,0.0001537941712074936,0.014196426390609397,1.0
228956_at,0.00040487944484400367,0.025561928886897445,1.0
229072_at,0.0002497573597162091,0.019477827335806205,1.0
229097_at,0.0006842688867849803,0.036428823159658036,1.0
229128_s_at,1.7883577686128495e-05,0.003983114574037478,1.0
229150_at,1.8541559518642495e-06,0.001235074433214918,1.0
229394_s_at,3.217899122769594e-05,0.005315366602339201,1.0
229580_at,0.0009389451624440047,0.04559220848723442,1.0
229665_at,0.00040487944484400367,0.025561928886897445,1.0
229666_s_at,0.0004874051703124503,0.029081571184866564,1.0
229700_at,5.889527598409969e-05,0.007722060466260552,1.0
229711_s_at,0.0006591443686912845,0.035471179486413366,1.0
229900_at,0.00040487944484400367,0.025561928886897445,1.0
229983_at,0.0006907733332339714,0.03645562933838551,1.0
230078_at,7.50444937400783e-05,0.008919690641823437,1.0
230472_at,0.0003561716402921172,0.02448342672802264,1.0
230518_at,0.00010258939979877573,0.010786683526919352,1.0
230645_at,0.0008408333715696251,0.04211977505870943,1.0
230653_at,0.0004802465028364389,0.02907804821991395,1.0
230656_s_at,6.737881881432497e-05,0.008278509929602737,1.0
230788_at,2.0597926855871376e-05,0.0041865860626199534,1.0
230791_at,3.373626558277973e-06,0.001645626171387262,1.0
231713_s_at,0.0009330780625601355,0.045387938674800184,1.0
232210_at,0.0005265139088408379,0.030238600804488248,1.0
232333_at,0.00040487944484400367,0.025561928886897445,1.0
232653_at,0.00015078825390718212,0.013973470817585055,1.0
233124_s_at,0.000330430670612785,0.023363888864291766,1.0
233498_at,0.0005149489934775423,0.030092837163928122,1.0
233656_s_at,3.618901301289271e-07,0.0005819512607293851,1.0
233955_x_at,1.2005925152526795e-06,0.001098535811263488,1.0
234107_s_at,0.0002748786690460773,0.020615900178455798,1.0
234723_x_at,0.0001564768603041004,0.014330606929860452,1.0
234863_x_at,0.0004874051703124503,0.029081571184866564,1.0
235046_at,0.0003732905000559008,0.025385146878801463,1.0
235075_at,9.108182536767051e-05,0.009870319189816472,1.0
235141_at,0.0010560579259736008,0.04969244372620639,1.0
235144_at,0.0003925524433757293,0.025561928886897445,1.0
235165_at,1.4562213061905623e-05,0.003517227567293261,1.0
235242_at,0.0002611060387048465,0.02005052340756669,1.0
235266_at,6.25624451654394e-05,0.007992060022010278,1.0
235371_at,0.0009034581702569051,0.04430186139802358,1.0
235457_at,0.0004782720338596638,0.028990602495872635,1.0
235615_at,2.8099951100588918e-05,0.004924246238540702,1.0
235747_at,0.0007776568846088605,0.039848538112454965,1.0
235786_at,0.000331175379420688,0.023363888864291766,1.0
235911_at,4.0972124120094606e-06,0.0017528039660277108,1.0
236194_at,7.282709345008174e-05,0.008751255679963118,1.0
237086_at,2.6870649926901277e-05,0.00475453975648326,1.0
237339_at,3.942413904009248e-05,0.005963612494359675,1.0
238077_at,3.538722668120751e-05,0.005575782763098042,1.0
238761_at,0.0004025706230919113,0.025561928886897445,1.0
238762_at,0.0001392659770634987,0.013288599120325989,1.0
239069_s_at,0.0009164457872984236,0.0448144761493108,1.0
239597_at,9.463007858929345e-06,0.002766791201534556,1.0
239742_at,0.0010015630603181834,0.04765923439764724,1.0
241303_x_at,0.0006716671647206807,0.036003335520689426,1.0
241342_at,1.8512105314784425e-06,0.001235074433214918,1.0
241763_s_at,0.00040487944484400367,0.025561928886897445,1.0
241955_at,0.0010311976164427148,0.048772257507790163,1.0
242323_at,0.0005357578482024814,0.03054490130393188,1.0
242352_at,9.529867070688772e-06,0.002771518521754833,1.0
242405_at,1.97497007741581e-05,0.0040905121450992765,1.0
242467_at,6.153022287788613e-05,0.007917322496843345,1.0
243030_at,0.0008154998025922971,0.04115456653943086,1.0
243249_at,0.0006314541711261496,0.03431884374385907,1.0
243648_at,0.00010674842855331316,0.011095951199909498,1.0
244287_at,0.0002719712076200607,0.02053870963622489,1.0
244414_at,5.6483275223519716e-05,0.007495687070014419,1.0
31807_at,7.514152557356359e-06,0.0024166840651379936,1.0
35666_at,5.468836822421019e-05,0.007364745154331754,1.0
41660_at,2.6545214005889626e-05,0.00475453975648326,1.0
43977_at,0.00022690129750091963,0.01813717608313272,1.0
48808_at,0.0008325235518457549,0.041875092177706214,1.0
55081_at,0.0003536708171014056,0.02442451922455895,1.0
57163_at,0.0002203416512499517,0.017794947979455113,1.0
